DAY,AVERAGE of ARRIVAL_DELAY,AVERAGE of DEPARTURE_DELAY,,AIRLINE,COUNTA of FLIGHT_NUMBER,COUNTA of FLIGHT_NUMBER,AVERAGE of DEPARTURE_DELAY,AVERAGE of ARRIVAL_DELAY,,,
Friday,6.065189048,9.363754889,,AA,452,9.38%,8.557522124,5.338495575,,Total Flights,4819
Monday,11.31938633,14.33612273,,AS,131,2.72%,2.305343511,-0.9770992366,,Total Airlines,14
Saturday,2.123728814,7.688135593,,B6,222,4.61%,13.69369369,11.76126126,,,
Sunday,7.561889251,11.73127036,,DL,698,14.48%,6.214899713,-0.8581661891,,worse airline,WN
Thursday,2.617449664,6.90738255,,EV,492,10.21%,11.42073171,10.23780488,,,
Tuesday,5.34375,9.227678571,,F9,67,1.39%,18.53731343,19.02985075,,Highest Share,20.98062016
Wednesday,5.406162465,9.151260504,,HA,78,1.62%,1.948717949,5.858974359,,,
Grand Total,5.82382237,9.769869267,,MQ,258,5.35%,19.58139535,20.98062016,,,
,,,,NK,89,1.85%,11.50561798,11.52808989,,Top 5 ,
,,,,OO,475,9.86%,14.10105263,12.67368421,,VX,-3.148148148
,,,,UA,391,8.11%,14.34015345,5.148337596,,AS,-0.9770992366
,,,,US,337,6.99%,6.133531157,3.893175074,,DL,-0.8581661891
,,,,VX,54,1.12%,4.055555556,-3.148148148,,WN,1.288372093
,,,,WN,1075,22.31%,7.305116279,1.288372093,,US,3.893175074
,,,,Grand Total,4819,100.00%,9.769869267,5.82382237,,,
,,,,,,,,,,,
,,,,,,,,,,,
,,,,,,,,,,,
,,,,,,Delayed arrival flights per airline,,,ontime arrival flights per airline,,
,,,,,,AIRLINE,COUNT of ARRIVAL_DELAY,,AIRLINE,COUNT of OnTime_Arrival,
,,,,,,AA,185,,AA,267,
,,,,,,AS,49,,AS,82,
,,,,,,B6,98,,B6,124,
ORIGIN_AIRPORT,AVERAGE of ARRIVAL_DELAY,AVERAGE of DEPARTURE_DELAY,,,,DL,190,,DL,508,
ABE,0.5,-2.5,,,,EV,211,,EV,281,
ABI,24.5,27.5,,,,F9,34,,F9,33,
ABQ,8.444444444,9.666666667,,,,HA,39,,HA,39,
ABY,-12,-6,,,,MQ,149,,MQ,109,
ACT,12,18,,,,NK,48,,NK,41,
ACV,-9,-1,,,,OO,201,,OO,274,
ACY,-14,-6,,,,UA,145,,UA,246,
ADQ,0.5,1,,,,US,128,,US,209,
AEX,1.5,-0.5,,,,VX,17,,VX,37,
AGS,9.5,3.5,,,,WN,397,,WN,678,
ALB,-0.8571428571,-3.142857143,,,,Grand Total,1891,,Grand Total,2928,
AMA,5,-1,,,,,,,,,
ANC,-5.266666667,-2.933333333,,,,Delayed departure flights per airline,,,On time departure flights per airline,,
APN,-6,-3,,,,AIRLINE,COUNTA of DEPARTURE_DELAY,,AIRLINE,COUNTA of OnTime_Depature,
ASE,36,22,,,,AA,157,,AA,295,
ATL,-0.9143646409,6.317679558,,,,AS,38,,AS,93,
AUS,-0.46875,3.40625,,,,B6,88,,B6,134,
AVL,40.5,36,,,,DL,212,,DL,486,
AZO,22.33333333,15,,,,EV,168,,EV,324,
BDL,4.566666667,6.9,,,,F9,27,,F9,40,
BET,7,7,,,,HA,25,,HA,53,
BFL,-12,-3,,,,MQ,129,,MQ,129,
BHM,-1,5.5,,,,NK,41,,NK,48,
BIL,-17.33333333,-1.666666667,,,,OO,169,,OO,306,
BIS,-12.875,-2.875,,,,UA,197,,UA,194,
BJI,-25,-2,,,,US,88,,US,249,
BMI,167,157,,,,VX,19,,VX,35,
BNA,8.446808511,9.85106383,,,,WN,443,,WN,632,
BOI,-3.285714286,-0.8571428571,,,,Grand Total,1801,,Grand Total,3018,
BOS,8.485714286,12.74285714,,,,,,,,,
BPT,-12,-7,,,,,,,,,
BQK,-10,-2,,,,,,,,,
BQN,1,-3,,,,,,,,,
BRO,-8,-7,,,,,,,,,
BTM,-12.33333333,-9.666666667,,,,,,,,,
BTR,-16,-13,,,,,,,,,
BTV,-17,-12.5,,,,,,,,,
BUF,4.6,13.2,,,,,,,,,
BUR,12.875,12.66666667,,,,,,,,,
BWI,2.089552239,7.537313433,,,,,,,,,
BZN,27.33333333,24,,,,,,,,,
CAE,2.6,-5.8,,,,,,,,,
CAK,16.66666667,10.66666667,,,,,,,,,
CEC,-22,-3,,,,,,,,,
CHA,15,-6,,,,,,,,,
CHO,10.75,17.75,,,,,,,,,
CHS,2.5,8,,,,,,,,,
CID,24.66666667,23.83333333,,,,,,,,,
CLD,-7,-4.666666667,,,,,,,,,
CLE,1.923076923,6,,,,,,,,,
CLL,-10.75,-5.25,,,,,,,,,
CLT,2.4,4.4,,,,,,,,,
CMH,13.20833333,18.41666667,,,,,,,,,
CMI,1,-11,,,,,,,,,
COS,51.42857143,48.28571429,,,,,,,,,
COU,27,30.33333333,,,,,,,,,
CRP,35.3,31.4,,,,,,,,,
CRW,-0.25,7.25,,,,,,,,,
CVG,14.95833333,17.16666667,,,,,,,,,
DAL,0.0350877193,5.052631579,,,,,,,,,
DAY,-7.5,-2,,,,,,,,,
DBQ,65,52,,,,,,,,,
DCA,-1.393939394,4.545454545,,,,,,,,,
DEN,10.94705882,13.94705882,,,,,,,,,
DFW,10.8125,11.546875,,,,,,,,,
DLH,5.5,9,,,,,,,,,
DRO,-4.333333333,-7.666666667,,,,,,,,,
DSM,13.66666667,20.66666667,,,,,,,,,
DTW,19.95744681,25.27659574,,,,,,,,,
EAU,9,6,,,,,,,,,
ECP,-2.25,3.25,,,,,,,,,
ELM,7,24,,,,,,,,,
ELP,1,2.25,,,,,,,,,
EUG,-19,-4.6,,,,,,,,,
EWR,8.83908046,17.1954023,,,,,,,,,
EYW,-4.666666667,0,,,,,,,,,
FAI,-18.5,-10,,,,,,,,,
FAR,42.6,38,,,,,,,,,
FAT,-5.333333333,2,,,,,,,,,
FAY,-12,-6,,,,,,,,,
FLG,-5,2,,,,,,,,,
FLL,-0.6538461538,4.653846154,,,,,,,,,
FNT,-6.875,3,,,,,,,,,
FSD,14.71428571,18.71428571,,,,,,,,,
FSM,0.6,-2.2,,,,,,,,,
FWA,66.83333333,75.33333333,,,,,,,,,
GEG,0.4,-5.6,,,,,,,,,
GGG,25,17,,,,,,,,,
GJT,-3.25,2.75,,,,,,,,,
GPT,-10.25,-8.25,,,,,,,,,
GRB,63.8,62.6,,,,,,,,,
GRK,-0.5,-2,,,,,,,,,
GRR,1.666666667,5.266666667,,,,,,,,,
GSO,16.75,24.25,,,,,,,,,
GSP,-7.333333333,-5.666666667,,,,,,,,,
GTF,-12,-14,,,,,,,,,
GTR,4.5,-2,,,,,,,,,
HDN,-23,-6,,,,,,,,,
HLN,-5,-8,,,,,,,,,
HNL,-4.125,0.5178571429,,,,,,,,,
HOB,-5,-2,,,,,,,,,
HOU,3.227272727,9.022727273,,,,,,,,,
HPN,58,50.6,,,,,,,,,
HRL,-1.666666667,-4.666666667,,,,,,,,,
HSV,-4.125,0.75,,,,,,,,,
IAD,9.461538462,14.15384615,,,,,,,,,
IAG,23,1,,,,,,,,,
IAH,1.684210526,5.872180451,,,,,,,,,
ICT,5.75,15.5,,,,,,,,,
IDA,-13,-1.333333333,,,,,,,,,
ILM,-12.5,-8.5,,,,,,,,,
IND,-0.2857142857,7.714285714,,,,,,,,,
ISN,4.2,-2.6,,,,,,,,,
ISP,0.5,0,,,,,,,,,
ITO,6.4,1.8,,,,,,,,,
JAC,-21,-6,,,,,,,,,
JAN,-11.71428571,-2.571428571,,,,,,,,,
JAX,15.66666667,17.16666667,,,,,,,,,
JFK,7.078651685,11.62921348,,,,,,,,,
JLN,-2,-1,,,,,,,,,
JNU,-3.5,0.5,,,,,,,,,
KOA,-4.769230769,0.4615384615,,,,,,,,,
KTN,-17.6,-12.8,,,,,,,,,
LAN,-24,-9,,,,,,,,,
LAS,5.25,9.646551724,,,,,,,,,
LAX,4.876344086,5.946236559,,,,,,,,,
LBB,9.333333333,-0.6666666667,,,,,,,,,
LCH,15,-1,,,,,,,,,
LEX,-18.66666667,-5.333333333,,,,,,,,,
LFT,12.5,14.5,,,,,,,,,
LGA,1.15,9.35,,,,,,,,,
LGB,-6.6,-2.4,,,,,,,,,
LIH,16,3.142857143,,,,,,,,,
LIT,7.333333333,7.777777778,,,,,,,,,
LNK,-2,5,,,,,,,,,
LRD,-10,-7,,,,,,,,,
LSE,137.5,130,,,,,,,,,
MAF,2,2.25,,,,,,,,,
MBS,-20,-11,,,,,,,,,
MCI,-4.114285714,-0.1142857143,,,,,,,,,
MCO,4.277777778,9.194444444,,,,,,,,,
MDT,-15,-4,,,,,,,,,
MDW,-2.866666667,4.983333333,,,,,,,,,
MEM,17.875,19.875,,,,,,,,,
MFE,-10.25,-8.25,,,,,,,,,
MFR,-7.333333333,0,,,,,,,,,
MGM,98,99,,,,,,,,,
MIA,6.671232877,11.02739726,,,,,,,,,
MKE,-7.653846154,6.461538462,,,,,,,,,
MKG,-6,-11,,,,,,,,,
MLB,-20,-3,,,,,,,,,
MLI,-9.333333333,-5,,,,,,,,,
MLU,49,46.5,,,,,,,,,
MOB,27.75,2.5,,,,,,,,,
MOT,24,41,,,,,,,,,
MRY,-13.5,-4.5,,,,,,,,,
MSN,5.25,4.25,,,,,,,,,
MSP,-3.428571429,4.091836735,,,,,,,,,
MSY,1.647058824,6.882352941,,,,,,,,,
MTJ,-1.666666667,0,,,,,,,,,
MYR,12,2,,,,,,,,,
OAK,4.708333333,3.916666667,,,,,,,,,
OGG,3.470588235,9.411764706,,,,,,,,,
OKC,16.92307692,17.38461538,,,,,,,,,
OMA,17.58823529,19.76470588,,,,,,,,,
ONT,1.235294118,4.941176471,,,,,,,,,
ORD,13.46724891,16.91266376,,,,,,,,,
ORF,42.25,46.33333333,,,,,,,,,
ORH,15,27,,,,,,,,,
OTZ,12,2,,,,,,,,,
PBI,13.17857143,18.67857143,,,,,,,,,
PDX,-0.4347826087,3.326086957,,,,,,,,,
PHL,10.56140351,14.92982456,,,,,,,,,
PHX,6.80952381,9.102040816,,,,,,,,,
PIA,-0.75,2.25,,,,,,,,,
PIH,-3,-4.5,,,,,,,,,
PIT,22.36842105,27.84210526,,,,,,,,,
PNS,-2.333333333,1.333333333,,,,,,,,,
PSC,-5,16.5,,,,,,,,,
PSE,-4.333333333,-9.333333333,,,,,,,,,
PSG,90,87,,,,,,,,,
PSP,-0.9090909091,-5.454545455,,,,,,,,,
PUB,-15,-17,,,,,,,,,
PVD,7.285714286,11.28571429,,,,,,,,,
PWM,-7,-1,,,,,,,,,
RAP,-35,-9,,,,,,,,,
RDD,-19,-9,,,,,,,,,
RDM,-10,-12.5,,,,,,,,,
RDU,-5.966666667,-1.7,,,,,,,,,
RHI,29,18,,,,,,,,,
RIC,-3.882352941,3.117647059,,,,,,,,,
RNO,67.90909091,78.63636364,,,,,,,,,
ROA,-10,-2,,,,,,,,,
ROC,18.375,25.25,,,,,,,,,
RST,58,54,,,,,,,,,
RSW,-0.7272727273,3.363636364,,,,,,,,,
SAF,0,0,,,,,,,,,
SAN,0.8550724638,3.956521739,,,,,,,,,
SAT,0.8095238095,3.857142857,,,,,,,,,
SAV,1.285714286,-0.2857142857,,,,,,,,,
SBA,36.28571429,37.28571429,,,,,,,,,
SBN,60.5,32,,,,,,,,,
SBP,-5.5,-1,,,,,,,,,
SDF,6.272727273,13.63636364,,,,,,,,,
SEA,2.578313253,6.698795181,,,,,,,,,
SFO,16.82089552,18.51492537,,,,,,,,,
SGF,29,35.5,,,,,,,,,
SGU,-8,-1,,,,,,,,,
SHV,10,11.33333333,,,,,,,,,
SIT,-20,-12,,,,,,,,,
SJC,1.2,3.8,,,,,,,,,
SJU,-0.2916666667,3.875,,,,,,,,,
SLC,5.379310345,9.689655172,,,,,,,,,
SMF,-2.269230769,1.576923077,,,,,,,,,
SMX,4,-5,,,,,,,,,
SNA,6.653846154,12,,,,,,,,,
SPI,-5,-7,,,,,,,,,
SPS,14,-7,,,,,,,,,
SRQ,28.16666667,36,,,,,,,,,
STL,10.66666667,17.42857143,,,,,,,,,
STT,-12.4,-3.8,,,,,,,,,
STX,10.5,12.5,,,,,,,,,
SUN,27,29.33333333,,,,,,,,,
SYR,-13.83333333,-1,,,,,,,,,
TPA,4.982758621,6.603448276,,,,,,,,,
TTN,9,2,,,,,,,,,
TUL,-6.454545455,-3.545454545,,,,,,,,,
TUS,-11.27272727,-1.909090909,,,,,,,,,
TVC,44.5,43.5,,,,,,,,,
TWF,-8.5,-7.5,,,,,,,,,
TYR,-5,-5.5,,,,,,,,,
TYS,9.111111111,16,,,,,,,,,
VEL,-5,-6.5,,,,,,,,,
VLD,17.66666667,15.66666667,,,,,,,,,
VPS,-5,-3,,,,,,,,,
WRG,21.5,20.5,,,,,,,,,
XNA,16.14285714,7.428571429,,,,,,,,,
YAK,-28,-15,,,,,,,,,
Grand Total,5.82382237,9.769869267,,,,,,,,,